FirstName,LastName,Age,Gender,Address
Lucy,Henebry,32,Male,Faridabad
Consuela,Kazimir,56,Male,Faridabad
Corly,Thad,58,Female,Noida
Shel,Roxanna,61,Female,Gurgaon
Kathy,Jillane,44,Male,New Delhi
Christy,Henebry,37,Female,New Delhi
Georgetta,Mandler,63,Male,Noida
Renae,Stanwood,38,Male,Gurgaon
Bee,Obed,25,Male,Noida
Roslyn,Shelba,39,Female,Noida
Tina,Zaslow,28,Male,Gurgaon
Ilse,Japeth,34,Male,New Delhi
Edee,Gombach,44,Female,New Delhi
Millie,Bollay,57,Female,Gurgaon
Kirstin,Georgy,34,Male,Faridabad
Danika,Franza,61,Male,Noida
Carree,Loleta,32,Male,Gurgaon
Ekaterina,Anyah,31,Female,Faridabad
Carol-Jean,Tannie,24,Female,New Delhi
Belinda,Middleton,20,Female,Faridabad
Ekaterina,Sheng,39,Male,Noida
Ofilia,Stevy,62,Male,New Delhi
Cathyleen,Borrell,55,Female,Noida
Louella,Honoria,61,Female,Noida
Feliza,Sothena,23,Male,New Delhi
Shel,Roxanna,61,Female,Jaipur
Ariela,Pulsifer,21,Male,New Delhi
Claudina,Pettiford,33,Female,Noida
Jacquetta,Buttaro,58,Female,Gurgaon
Penelopa,Brian,41,Male,Faridabad
Selia,Guthrie,45,Male,Gurgaon
Laure,Hollingsworth,57,Male,Gurgaon
Modestia,Dearborn,60,Male,New Delhi
Halette,Travax,33,Female,Gurgaon
Yetty,Cleo,56,Male,Jaipur
Pierette,Gaal,31,Female,Faridabad
Oralee,Fairweather,40,Female,New Delhi
Kylynn,Cordi,33,Female,Faridabad
Arlena,Durante,21,Male,Jaipur
Claresta,Bendick,64,Male,Gurgaon
Elise,Chandler,21,Female,Jaipur
Suzette,Rebecka,30,Female,Gurgaon
Trixi,Moseley,41,Female,Faridabad
Vevay,Glovsky,63,Female,New Delhi
Basia,Cressida,65,Male,Gurgaon
Madeleine,LaRue,46,Female,Gurgaon
Doro,Brackely,31,Male,Gurgaon
Doro,Kazimir,57,Male,Noida
Madalyn,Ralfston,56,Female,Faridabad
Christian,Lanita,48,Male,New Delhi
Celestyna,Dreda,61,Male,Jaipur
Romona,Sothena,48,Male,Gurgaon
Vonny,Azeria,37,Male,Gurgaon
Leeanne,Edmund,32,Female,Noida
Maud,Winnick,42,Male,Jaipur
Madeleine,Morgun,47,Female,New Delhi
Arlena,Durante,21,Male,Jaipur
Daryl,Valerio,38,Male,Noida
Dede,Devlen,58,Female,Noida
Rosene,Ries,35,Female,Faridabad
Leona,Margret,41,Male,Jaipur
Susan,Maples,50,Male,Faridabad
Claudina,Fosque,43,Female,New Delhi
Marti,Reinke,40,Female,Noida
Cam,Kress,52,Male,Gurgaon
Tiffie,Concha,55,Female,New Delhi
Demetris,Suanne,53,Male,Gurgaon
Silvana,Eliathas,49,Male,Faridabad
Gwenneth,Granoff,34,Female,Faridabad
Mellicent,Mathilde,50,Female,New Delhi
Maye,Hepsibah,48,Female,Jaipur
Charissa,Teddman,38,Male,Faridabad
Amelia,Moina,58,Male,Faridabad
Dolli,Quinn,48,Female,Gurgaon
Queenie,Marden,43,Male,Jaipur
Tina,Morehouse,59,Male,Gurgaon
Arlena,Presber,27,Female,Noida
Kary,Lipson,56,Female,New Delhi
Anica,Kirstin,58,Male,Faridabad
Lory,Zaslow,31,Male,Faridabad
Katuscha,Yuille,43,Male,Gurgaon
Carlie,Lasley,40,Male,Faridabad
Janis,Colyer,42,Female,Faridabad
Melisent,Moseley,61,Male,New Delhi
Clary,Tayib,52,Female,Faridabad
Adelle,Felizio,62,Female,Noida
Tera,Kinnard,28,Female,New Delhi
Aaren,Junie,20,Male,Gurgaon
Beatriz,Ackerley,59,Male,Gurgaon
Rosanne,Christine,56,Female,Gurgaon
Nelle,Dreda,28,Female,Noida
Miquela,Pulsifer,60,Male,Faridabad
Mellicent,Mathilde,50,Female,Jaipur
Madalyn,Ralfston,56,Female,New Delhi
Abbie,Abram,47,Male,Jaipur
Tori,Weitman,24,Male,New Delhi
Esmeralda,Rudolph,23,Male,Gurgaon
Augustine,Angelis,25,Male,Gurgaon
Harrietta,Raama,49,Female,Gurgaon
Tobe,Havens,24,Male,New Delhi
Maud,Winnick,42,Male,New Delhi
Corina,Ferrell,46,Male,Faridabad
Augustine,Suk,37,Male,Jaipur
Vivia,Tamar,20,Female,Noida
Leeanne,Corabella,50,Male,Faridabad
Basia,Croix,53,Male,Faridabad
Ninnetta,Sinegold,48,Female,Faridabad
Joane,Freddi,29,Male,Gurgaon
Atlanta,Ledah,31,Male,Faridabad
Rosene,Ries,35,Female,Faridabad
Jasmina,Randene,52,Female,Faridabad
Chickie,Bennie,37,Male,Jaipur
Joane,Allare,48,Male,Faridabad
Doro,Brackely,31,Male,Faridabad
Hallie,Ventre,52,Male,Gurgaon
Donetta,Hamil,32,Female,Gurgaon
Basia,Croix,53,Male,Noida
Barbara,Lymann,32,Female,Noida
Dawn,Buttaro,39,Male,Gurgaon
Susette,Gilmour,29,Male,Jaipur
Karolina,Buffum,25,Female,New Delhi
Nanete,Schroth,29,Male,Jaipur
Sadie,Lipson,47,Male,Faridabad
Beverley,Emanuel,31,Female,Jaipur
Delilah,Selway,57,Male,Faridabad
Cecile,Moina,42,Female,Faridabad
Adriana,Rheingold,57,Male,New Delhi
Nannie,Pond,38,Female,Faridabad
Meriel,McNully,30,Male,New Delhi
Lindie,Tybald,43,Female,Noida
Kary,Audly,23,Female,Gurgaon
Brietta,Albertine,24,Female,Jaipur
Lucille,Ball,24,Female,Noida
Ekaterina,Anyah,31,Female,Faridabad
Jenilee,Belanger,39,Male,Gurgaon
Minda,Marden,21,Female,Faridabad
Lizzie,Stanwood,62,Female,Gurgaon
Danika,Franza,61,Male,Noida
Lindie,Alexandr,61,Female,Faridabad
Christian,Millda,20,Male,Gurgaon
Korrie,Garrison,29,Male,Gurgaon
Tressa,Aurelio,30,Male,Jaipur
Jean,Bibi,64,Female,Gurgaon
Almeta,Halsey,34,Male,Noida
Konstance,Pelagias,50,Female,Gurgaon
Ayn,Posner,64,Male,Gurgaon
Alisha,Kauppi,50,Male,Jaipur
Sue,Cressida,24,Female,Faridabad
Jacquetta,Buttaro,58,Female,Jaipur
Gertrud,Dermott,23,Male,New Delhi
Catharine,Trace,49,Male,Faridabad
Giustina,Elisha,38,Female,Jaipur
Michaelina,Mott,25,Male,Jaipur
Betta,Helfand,64,Male,Faridabad
Frieda,Thomasina,26,Male,Noida
Glenda,Engdahl,38,Male,Jaipur
Atlanta,Ledah,31,Male,Faridabad
Tina,Morehouse,59,Male,New Delhi
Deirdre,Ellerey,59,Female,Noida
Carol-Jean,Oriana,58,Female,Jaipur
Andeee,Sparhawk,53,Male,Faridabad
Elyssa,Pulsifer,65,Female,Gurgaon
Joceline,Weitman,54,Male,New Delhi
Latisha,Hurley,46,Male,New Delhi
Marguerite,Ricki,55,Female,Jaipur
Aryn,Kaja,40,Female,Jaipur
Kimmy,Chauncey,57,Female,New Delhi
Jillayne,Noam,22,Female,Gurgaon
Kelly,Tristram,46,Female,Noida
Blinni,Izaak,55,Female,Faridabad
Rozele,Zenas,46,Female,Gurgaon
Christian,Millda,20,Male,Jaipur
Elise,Radu,23,Male,Gurgaon
Caritta,Roscoe,27,Female,Noida
Tomasina,Frodi,29,Male,Jaipur
Steffane,Lorain,25,Female,Gurgaon
Isa,Tristram,47,Female,Noida
Judy,Annice,24,Female,Noida
Melina,Frendel,27,Female,Noida
Oona,Huggins,32,Female,Jaipur
Candi,Haerr,24,Male,Gurgaon
Glynnis,Pierette,39,Female,Gurgaon
Blake,Annabella,55,Female,Noida
Luci,Johanna,32,Male,New Delhi
Alie,Fiann,44,Male,Noida
Lynnea,Rustice,31,Female,Jaipur
Joeann,Barney,52,Male,Jaipur
Margarette,Marsden,25,Female,Faridabad
Tobe,Cadmar,48,Female,New Delhi
Glynnis,Philipp,59,Male,Faridabad
Madeleine,Dichy,32,Female,Faridabad
Daryl,Valerio,38,Male,New Delhi
Brana,Kaja,30,Male,Noida
Beverley,Pierette,38,Male,Jaipur
Cissiee,McLaughlin,52,Female,Gurgaon
Minda,Marden,21,Female,Faridabad
Danika,Franza,61,Male,Faridabad
Adore,Lay,63,Male,Jaipur
Claudina,Aurelio,29,Male,New Delhi
Caritta,Clarissa,27,Male,Gurgaon
Damaris,Saree,28,Male,New Delhi
Ann-Marie,Jagir,49,Female,Noida
Belinda,Aida,44,Male,Faridabad
Calla,Sigfrid,58,Male,New Delhi
Sharlene,Lilybelle,44,Male,New Delhi
Tatiania,Casimir,20,Female,New Delhi
Carol-Jean,Oriana,58,Female,New Delhi
Jaclyn,Cornelia,44,Female,Faridabad
Harmonia,Margret,30,Male,Faridabad
Renae,Sallyann,38,Female,New Delhi
Charmaine,Hermes,23,Female,Jaipur
Joeann,Barney,52,Male,Faridabad
Gretal,McClimans,61,Male,Gurgaon
Robinia,Ahab,52,Female,Faridabad
Annice,Faria,51,Female,Noida
Carree,Loleta,32,Male,Gurgaon
Georgetta,Talia,31,Female,Faridabad
Sue,Manolo,21,Female,New Delhi
Pamella,Ciro,42,Female,Jaipur
Livvyy,Munn,37,Female,Gurgaon
Dolli,Faust,40,Female,Gurgaon
Pamella,Boycey,32,Female,Faridabad
Tobe,Carvey,58,Female,New Delhi
Justinn,Beebe,58,Female,Faridabad
Alisha,Kauppi,50,Male,Noida
Rebeca,Posner,30,Male,Jaipur
Cyndie,Jammal,20,Female,Jaipur
Tiffie,Concha,55,Female,Gurgaon
Tobe,Cadmar,48,Female,Noida
Dulcinea,Fadiman,51,Female,New Delhi
Gusty,Arne,53,Male,Noida
Fidelia,Lenny,26,Male,Jaipur
Hermione,Hazlett,56,Female,Gurgaon
Dorthy,Soneson,39,Female,Gurgaon
Elbertina,Kelula,52,Female,Jaipur
Tani,Taima,23,Female,New Delhi
Kelly,Land,35,Female,Gurgaon
Ottilie,Waite,54,Female,New Delhi
Cacilie,Lacombe,25,Male,Jaipur
Lynde,Billye,43,Male,Faridabad
Barbara,Lymann,32,Female,Faridabad
Carilyn,Secrest,23,Male,Noida
Georgetta,Talia,31,Female,Faridabad
Nicoli,Sinegold,41,Female,New Delhi
Larine,Tufts,53,Male,New Delhi
Jaime,Maryanne,34,Male,New Delhi
Jolyn,Japeth,48,Male,Noida
Sonni,Carbo,57,Male,Faridabad
Nannie,Pond,38,Female,New Delhi
Devina,Albertine,41,Male,Noida
Shirlee,Sasnett,40,Female,Gurgaon
Emylee,Chaing,37,Male,Noida
Vonny,Azeria,37,Male,Jaipur
Elbertina,Kelula,52,Female,Noida
Claudina,Aurelio,29,Male,Noida
Cherilyn,Philipp,50,Male,Faridabad
Susette,Tengdin,46,Female,New Delhi
Kelly,Land,35,Female,Noida
Oralee,Bibi,40,Female,Faridabad
Chandra,Rustice,40,Male,Noida
Eve,Etom,27,Female,Faridabad
Gwyneth,Linskey,27,Male,Noida
Tabbatha,Herrera,49,Male,Faridabad
Marguerite,Ricki,55,Female,Jaipur
Monika,Faust,54,Female,Gurgaon
Max,Dulciana,54,Male,Noida
Roseline,Pascia,41,Female,Noida
Carolina,Emanuel,61,Male,Noida
Latisha,Hamil,42,Female,New Delhi
Jordan,Lea,43,Male,Jaipur
Myriam,Huggins,57,Male,Jaipur
Marguerite,Ricki,55,Female,New Delhi
Merle,Terencio,32,Male,Jaipur
Karina,Colyer,23,Male,Gurgaon
Lynea,Loeb,54,Female,Gurgaon
Livvyy,Munn,37,Female,Gurgaon
Ethel,Bendick,64,Female,Noida
Tori,Adlare,58,Male,Jaipur
Cherilyn,Philipp,50,Male,New Delhi
Emma,Heidt,41,Male,New Delhi
Tina,Zaslow,28,Male,Faridabad
Fred,Howlyn,36,Male,Faridabad
Joane,Phi,30,Female,Faridabad
Cecile,Moina,42,Female,Jaipur
Deirdre,Ellerey,59,Female,New Delhi
Leeanne,Edmund,32,Female,Noida
Korrie,Pernick,53,Male,Gurgaon
Teriann,Kendrick,24,Female,Gurgaon
Rosanne,Rosemary,58,Female,Jaipur
Darlleen,Celestine,53,Male,New Delhi
Nyssa,Leopold,40,Male,Noida
Hollie,Adlare,37,Female,New Delhi
Deirdre,Albertine,62,Male,Jaipur
Dode,Azeria,43,Female,Noida
Carlie,Lucienne,60,Male,Gurgaon
Merry,Yuille,23,Male,Gurgaon
Marcy,Kathie,34,Female,Jaipur
Yetty,Cleo,56,Male,Faridabad
Cherilyn,Wesle,31,Female,Gurgaon
Maryellen,Marlie,64,Female,Faridabad
Cathyleen,Borrell,55,Female,Gurgaon
Max,Tamar,53,Female,Noida
Rozele,Zenas,46,Female,Gurgaon
Emmey,Charmine,57,Male,Jaipur
Eugine,Sprage,35,Male,Noida
Jenilee,Belanger,39,Male,New Delhi
Merry,Aprile,48,Female,Noida
Feliza,Niccolo,37,Male,Noida
Beverley,Faust,29,Female,Faridabad
Harmonia,Margret,30,Male,Noida
Damaris,Maisey,61,Female,New Delhi
Shaylyn,Sigfrid,49,Female,Gurgaon
Etta,Shelba,21,Female,New Delhi
Nyssa,Leopold,40,Male,Noida
Ninnetta,Sinegold,48,Female,New Delhi
Evita,Sammons,36,Female,Jaipur
Tabbatha,Ralfston,64,Male,Jaipur
Danny,Edmund,26,Male,Gurgaon
Frank,Syd,42,Male,Noida
Binny,Noelyn,43,Male,Noida
Kore,Taima,62,Female,Faridabad
Kate,Pond,21,Female,Noida
Sonni,Demitria,27,Male,Faridabad
Letizia,Ambrosia,41,Female,Gurgaon
Fanny,Penelopa,53,Male,Jaipur
Kelly,Uund,37,Male,Faridabad
Hettie,Cimbura,41,Male,Faridabad
Cam,Kress,52,Male,Jaipur
Kassey,Connelly,54,Male,Gurgaon
Etta,Shelba,21,Female,Jaipur
Kirbee,Ramona,52,Female,New Delhi
Anallese,Kevon,33,Male,Faridabad
Rhea,Mike,46,Female,Faridabad
Kimmy,Connelly,47,Female,Jaipur
Leeanne,Jotham,44,Male,New Delhi
Keelia,Turne,25,Male,Jaipur
Louella,Honoria,61,Female,Noida
Jacquetta,Helfand,31,Male,Faridabad
Kary,Charity,50,Male,Jaipur
Cyndie,Jammal,20,Female,Jaipur
Rubie,Hepsibah,47,Female,Faridabad
Flo,Francene,20,Male,Noida
Quintina,Wu,25,Male,Noida
Brandise,Janith,59,Male,Faridabad
Stephanie,Boehike,33,Female,Faridabad
Rosanne,Alejoa,34,Male,New Delhi
Helena,Dunkin,30,Female,Gurgaon
Cassandra,Rugen,35,Male,New Delhi
Cissiee,Ellord,22,Female,New Delhi
Suzette,Dermott,64,Female,Faridabad
Andeee,Schroth,64,Male,New Delhi
Morganica,Hutchison,39,Female,Faridabad
Laure,Travax,40,Male,New Delhi
Daune,Meter,57,Male,Faridabad
Teriann,Silvan,30,Female,Noida
Moyna,Phi,37,Female,New Delhi
Nessie,Trinetta,49,Male,Gurgaon
Albertina,Cherianne,52,Male,Gurgaon
Fidelia,Lenny,26,Male,Gurgaon
Nariko,Sigfrid,61,Male,Gurgaon
Philis,Fancie,27,Male,Jaipur
Kimmy,Earlie,63,Female,Faridabad
Sashenka,Linehan,47,Female,Faridabad
Carol-Jean,Oriana,58,Female,Noida
Yetty,Cleo,56,Male,Noida
Claresta,Bendick,64,Male,Faridabad
Kial,Bibi,52,Male,Jaipur
Marsiella,Amasa,23,Female,Gurgaon
Marleah,Tamsky,21,Female,New Delhi
Dari,Breed,64,Female,Jaipur
Drucie,Vins,26,Female,Faridabad
Ann-Marie,Jagir,49,Female,Noida
Pollyanna,Gilmour,29,Female,New Delhi
Sadie,Lipson,47,Male,Faridabad
Marsiella,Brian,65,Female,Gurgaon
Mureil,Jenness,54,Male,Jaipur
Shaylyn,Kunin,22,Male,Faridabad
Agathe,Marsden,65,Male,Noida
Ariela,Pulsifer,21,Male,New Delhi
Lucy,Henebry,32,Male,Jaipur
Maye,Hepsibah,48,Female,Gurgaon
Susette,Gilbertson,64,Male,Gurgaon
Corly,Thad,58,Female,Noida
Phedra,Artie,61,Male,Gurgaon
Hollie,Adlare,37,Female,Noida
Courtnay,Mich,53,Female,Noida
Lily,Ax,20,Female,New Delhi
Xylina,Felecia,23,Female,Gurgaon
Rochette,Anyah,64,Male,Gurgaon
Charissa,Brunell,59,Female,New Delhi
Clo,Valerio,51,Male,New Delhi
Carmela,Sothena,28,Male,Jaipur
Joeann,Cosenza,55,Male,Noida
Mellicent,Iaverne,23,Male,Gurgaon
Madelle,Lipson,65,Male,New Delhi
Emmey,Pyle,39,Male,Faridabad
Beverley,Talia,27,Male,Jaipur
Madeleine,Morgun,47,Female,Gurgaon
Damaris,Carey,62,Female,New Delhi
Althea,Horan,51,Male,Jaipur
Margette,Candy,37,Male,Noida
Deirdre,Beebe,25,Male,Jaipur
Margarette,Milde,43,Female,Noida
Dolli,Quinn,48,Female,Jaipur
Damaris,Maisey,61,Female,Faridabad
Chickie,Maisey,43,Female,New Delhi
Michaelina,Deny,38,Male,Faridabad
Olivette,Therine,30,Female,Faridabad
Nessie,Borrell,47,Female,Noida
Calla,Sigfrid,58,Male,Faridabad
Lexine,Celestine,36,Female,Gurgaon
Korrie,Garrison,29,Male,Faridabad
Susette,Gilbertson,64,Male,Jaipur
Rebeca,Posner,30,Male,Gurgaon
Elmira,Francyne,41,Male,New Delhi
Frances,Socha,28,Female,Gurgaon
Lorie,Bouchard,59,Female,Noida
Sarette,Cassius,20,Female,Gurgaon
Jasmina,Randene,52,Female,Faridabad
Keelia,Maryanne,59,Male,Gurgaon
Wileen,Terencio,60,Female,Gurgaon
Mellicent,Mathilde,50,Female,Faridabad
Jackie,Myrilla,46,Male,Gurgaon
Pollyanna,Stelle,45,Male,New Delhi
Selia,Guthrie,45,Male,Gurgaon
Korrie,Avi,32,Female,Noida
Corly,Thad,58,Female,Jaipur
Dulcinea,Fadiman,51,Female,Jaipur
Oralee,Bach,48,Male,Jaipur
Alyssa,Catie,24,Female,New Delhi
Laure,Travax,40,Male,Faridabad
Clo,Tillford,27,Male,New Delhi
Ethel,Jena,23,Male,Jaipur
Gerrie,Erlandson,20,Male,New Delhi
Beverley,Brittani,50,Female,New Delhi
Vanessa,Alva,33,Male,Jaipur
Doro,Kazimir,57,Male,Gurgaon
Elbertina,Kelula,52,Female,Faridabad
Katuscha,Yuille,43,Male,New Delhi
Aeriela,Bashemeth,52,Female,New Delhi
Nessie,Simmonds,65,Female,Noida
Feliza,Etom,60,Male,Gurgaon
Joelly,Wolfgram,22,Female,Noida
Constance,Gale,20,Male,New Delhi
Tiffie,Concha,55,Female,Gurgaon
Ardys,Nance,35,Female,Faridabad
Philis,Fancie,27,Male,Faridabad
Constance,Gale,20,Male,Gurgaon
Myriam,Granoff,32,Female,Jaipur
Claudina,Fosque,43,Female,Faridabad
Drucie,Vins,26,Female,New Delhi
Kristina,Sinegold,61,Male,Jaipur
Wilma,Keelia,40,Female,Faridabad
Elmira,Kalinda,53,Male,Gurgaon
Claresta,Bendick,64,Male,Gurgaon
Rebeca,Posner,30,Male,Gurgaon
Etta,Parsaye,33,Male,New Delhi
Sidoney,Toffic,38,Female,Faridabad
Vivia,Kannry,21,Male,New Delhi
Jessy,Hailee,23,Female,Noida
Emmey,Pyle,39,Male,Noida
Renae,Sallyann,38,Female,New Delhi
Lynea,Loeb,54,Female,Gurgaon
Jere,Yam,20,Female,Jaipur
Jeanna,Sprage,32,Male,Jaipur
Etta,Parsaye,33,Male,Faridabad
Lorie,Fink,29,Female,Faridabad
Cassondra,McLaughlin,65,Male,New Delhi
Ofilia,Raffo,40,Male,Jaipur
Tatiania,Casimir,20,Female,New Delhi
Ebonee,Bronk,31,Male,Jaipur
Peri,Wenda,28,Male,Faridabad
Sophia,Malanie,62,Female,Noida
Gavrielle,Amethist,51,Female,Faridabad
Constance,Mich,62,Male,Noida
Marti,Reinke,40,Female,Jaipur
Georgetta,Mandler,63,Male,Faridabad
Binny,Noelyn,43,Male,Faridabad
Suzette,Dermott,64,Female,Faridabad
Laure,Hollingsworth,57,Male,Jaipur
Melanie,Even,44,Male,Faridabad
Rebeca,Posner,30,Male,Faridabad
Jere,Yam,20,Female,Gurgaon
Jaime,Maryanne,34,Male,Noida
Brandise,Janith,59,Male,Jaipur
Winny,Hedve,27,Male,Jaipur
Nataline,Tamar,30,Female,Gurgaon
Barbi,Vary,50,Female,Noida
Margalo,Hashim,52,Female,Gurgaon
Kimmy,Connelly,47,Female,Gurgaon
Brietta,Valoniah,55,Female,Faridabad
Jean,Hanleigh,23,Female,Jaipur
Gwyneth,Lattie,33,Female,Jaipur
Starla,Colleen,23,Male,Gurgaon
Silvana,Eliathas,49,Male,New Delhi
Carree,Loleta,32,Male,Noida
Charmaine,Hermes,23,Female,Faridabad
Ofilia,Middleton,49,Male,Gurgaon
Kristina,Millda,48,Female,Gurgaon
Ardenia,Loring,41,Male,Jaipur
